File,E_long,E_coul,Total
POSCAR1,141335843.910494476556778,68776439.175215318799019,210112283.085709810256958 
POSCAR2,142375799.330259978771210,69378015.768173441290855,211753815.098433434963226 
POSCAR3,143626598.141170263290405,69507913.641590654850006,213134511.782760918140411 
POSCAR4,143845351.658670097589493,69516327.543654873967171,213361679.202324986457825 
