File,E_long,E_coul,Total
POSCAR1,143607658.959324598312378,69690940.536812677979469,213298599.496137261390686 
POSCAR2,141320035.591652840375900,68708939.366607978940010,210028974.958260834217072 
POSCAR3,143024408.386043995618820,69253796.925581976771355,212278205.311625957489014 
POSCAR4,142650938.204083561897278,69448928.887124776840210,212099867.091208338737488 
