File,E_long,E_coul,Total
POSCAR1,917392163.350273251533508,81870603.665617480874062,999262767.015890717506409 
POSCAR2,922300767.768751502037048,80985512.512256354093552,1003286280.281007885932922 
POSCAR3,907445915.528725266456604,80475845.452809885144234,987921760.981535196304321 
POSCAR4,921849792.848381996154785,81149213.117680817842484,1002999005.966062784194946 
